Workbook
Name Slicer_Shipping_Line: #N/A

Sheet Main_Data
A1: Shipment_ID | B1: Booking_Date | C1: Origin | D1: Destination | E1: Shipping_Line | F1: Container_Type | G1: Commodity | H1: Weight_MT | I1: Distance_KM | J1: Fuel_Price | K1: Transit_Days | L1: Port_Congestion | M1: Weather | N1: Freight_Cost | O1: Customer | P1: Export_Country | Q1: Exchange_Rate | R1: Insurance_Cost | S1: Handling_Charges | T1: Profit | U1: Month | V1: Year | W1: Quarter | X1: Freight Category | Y1: Profit Status | Z1: Transit Rating | AA1: Shipping Line (X_lookup) | AB1: Return Profit using Shipment ID
A2: SH00001 | B2: 45307 | C2: Kandla | D2: Hyderabad | E2: Hapag-Lloyd | F2: 20FT | G2: Chilli | H2: 20.79 | I2: 1872 | J2: 98.75 | K2: 4 | L2: High | M2: Storm | N2: 62025 | O2: Customer_041 | P2: Canada | Q2: 86.76 | R2: 4575.6 | S2: 4088.07 | T2: 9482.26 | U2: =TEXT(Table1[[#This Row],[Booking_Date]],"mmm") -> Jan | V2: =YEAR(Table1[[#This Row],[Booking_Date]]) -> 2024 | W2: Q1 | X2: =IF(Table1[[#This Row],[Freight_Cost]]>50000,"High","Low") -> High | Y2: =IF(Table1[[#This Row],[Profit]]>10000,"Good","Average") -> Average | Z2: {=_xlfn.IFS(K2<=5,"Excellent",K2<=10,"Good",TRUE,"Delayed")} -> Excellent | AA2: =_xlfn.XLOOKUP(Table1[[#This Row],[Shipment_ID]],A:A,E:E) -> Hapag-Lloyd | AB2: =INDEX(T:T,MATCH(A2,A:A,0)) -> 9482.26
A3: SH00002 | B3: 45864 | C3: Kolkata | D3: Jaipur | E3: CMA CGM | F3: 20FT | G3: Coriander | H3: 16.82 | I3: 726 | J3: 98.66 | K3: 2 | L3: Low | M3: Rain | N3: 37189.2 | O3: Customer_104 | P3: Australia | Q3: 82.55 | R3: 2124.8 | S3: 1746.09 | T3: 3408.39 | U3: =TEXT(Table1[[#This Row],[Booking_Date]],"mmm") -> Jul | V3: =YEAR(Table1[[#This Row],[Booking_Date]]) -> 2025 | W3: Q3 | X3: =IF(Table1[[#This Row],[Freight_Cost]]>50000,"High","Low") -> Low | Y3: =IF(Table1[[#This Row],[Profit]]>10000,"Good","Average") -> Average | Z3: {=_xlfn.IFS(K3<=5,"Excellent",K3<=10,"Good",TRUE,"Delayed")} -> Excellent | AA3: =_xlfn.XLOOKUP(Table1[[#This Row],[Shipment_ID]],A:A,E:E) -> CMA CGM | AB3: =INDEX(T:T,MATCH(A3,A:A,0)) -> 3408.39
A4: SH00003 | B4: 45884 | C4: Mumbai | D4: Delhi ICD | E4: Hapag-Lloyd | F4: 20FT | G4: Green Cardamom | H4: 17.08 | I4: 333 | J4: 97.82 | K4: 2 | L4: Low | M4: Rain | N4: 32606.4 | O4: Customer_096 | P4: USA | Q4: 81.07 | R4: 1349.2 | S4: 2440.8 | T4: 4172.67 | U4: =TEXT(Table1[[#This Row],[Booking_Date]],"mmm") -> Aug | V4: =YEAR(Table1[[#This Row],[Booking_Date]]) -> 2025 | W4: Q3 | X4: =IF(Table1[[#This Row],[Freight_Cost]]>50000,"High","Low") -> Low | Y4: =IF(Table1[[#This Row],[Profit]]>10000,"Good","Average") -> Average | Z4: {=_xlfn.IFS(K4<=5,"Excellent",K4<=10,"Good",TRUE,"Delayed")} -> Excellent | AA4: =_xlfn.XLOOKUP(Table1[[#This Row],[Shipment_ID]],A:A,E:E) -> Hapag-Lloyd | AB4: =INDEX(T:T,MATCH(A4,A:A,0)) -> 4172.67
A5: SH00004 | B5: 45715 | C5: Kandla | D5: Nagpur | E5: Evergreen | F5: 40FT | G5: Black Pepper | H5: 20.82 | I5: 1139 | J5: 101.18 | K5: 4 | L5: Low | M5: Clear | N5: 56547.6 | O5: Customer_113 | P5: Singapore | Q5: 83.22 | R5: 3110.8 | S5: 1599.5 | T5: 7143.67 | U5: =TEXT(Table1[[#This Row],[Booking_Date]],"mmm") -> Feb | V5: =YEAR(Table1[[#This Row],[Booking_Date]]) -> 2025 | W5: Q1 | X5: =IF(Table1[[#This Row],[Freight_Cost]]>50000,"High","Low") -> High | Y5: =IF(Table1[[#This Row],[Profit]]>10000,"Good","Average") -> Average | Z5: {=_xlfn.IFS(K5<=5,"Excellent",K5<=10,"Good",TRUE,"Delayed")} -> Excellent | AA5: =_xlfn.XLOOKUP(Table1[[#This Row],[Shipment_ID]],A:A,E:E) -> Evergreen | AB5: =INDEX(T:T,MATCH(A5,A:A,0)) -> 7143.67
A6: SH00005 | B6: 45521 | C6: Nava Sheva | D6: Ahmedabad | E6: COSCO | F6: 40FT | G6: Turmeric | H6: 22.01 | I6: 2668 | J6: 99.05 | K6: 6 | L6: Medium | M6: Rain | N6: 79711 | O6: Customer_005 | P6: Germany | Q6: 88.77 | R6: 6216.4 | S6: 4373.25 | T6: 8936.76 | U6: =TEXT(Table1[[#This Row],[Booking_Date]],"mmm") -> Aug | V6: =YEAR(Table1[[#This Row],[Booking_Date]]) -> 2024 | W6: Q3 | X6: =IF(Table1[[#This Row],[Freight_Cost]]>50000,"High","Low") -> High | Y6: =IF(Table1[[#This Row],[Profit]]>10000,"Good","Average") -> Average | Z6: {=_xlfn.IFS(K6<=5,"Excellent",K6<=10,"Good",TRUE,"Delayed")} -> Good | AA6: =_xlfn.XLOOKUP(Table1[[#This Row],[Shipment_ID]],A:A,E:E) -> COSCO | AB6: =INDEX(T:T,MATCH(A6,A:A,0)) -> 8936.76
A7: SH00006 | B7: 45795 | C7: Kandla | D7: Pune | E7: COSCO | F7: 20FT | G7: Black Pepper | H7: 27.69 | I7: 1072 | J7: 94.68 | K7: 4 | L7: Low | M7: Clear | N7: 49146.6 | O7: Customer_016 | P7: UAE | Q7: 85.77 | R7: 3251.6 | S7: 3637.22 | T7: 7092.43 | U7: =TEXT(Table1[[#This Row],[Booking_Date]],"mmm") -> May | V7: =YEAR(Table1[[#This Row],[Booking_Date]]) -> 2025 | W7: Q2 | X7: =IF(Table1[[#This Row],[Freight_Cost]]>50000,"High","Low") -> Low | Y7: =IF(Table1[[#This Row],[Profit]]>10000,"Good","Average") -> Average | Z7: {=_xlfn.IFS(K7<=5,"Excellent",K7<=10,"Good",TRUE,"Delayed")} -> Excellent | AA7: =_xlfn.XLOOKUP(Table1[[#This Row],[Shipment_ID]],A:A,E:E) -> COSCO | AB7: =INDEX(T:T,MATCH(A7,A:A,0)) -> 7092.43
A8: SH00007 | B8: 45505 | C8: Kolkata | D8: Hyderabad | E8: COSCO | F8: 20FT | G8: Black Pepper | H8: 24.16 | I8: 2165 | J8: 101.96 | K8: 7 | L8: Medium | M8: Rain | N8: 63959.2 | O8: Customer_011 | P8: UK | Q8: 87.93 | R8: 5296.4 | S8: 4089.3 | T8: 9273.61 | U8: =TEXT(Table1[[#This Row],[Booking_Date]],"mmm") -> Aug | V8: =YEAR(Table1[[#This Row],[Booking_Date]]) -> 2024 | W8: Q3 | X8: =IF(Table1[[#This Row],[Freight_Cost]]>50000,"High","Low") -> High | Y8: =IF(Table1[[#This Row],[Profit]]>10000,"Good","Average") -> Average | Z8: {=_xlfn.IFS(K8<=5,"Excellent",K8<=10,"Good",TRUE,"Delayed")} -> Good | AA8: =_xlfn.XLOOKUP(Table1[[#This Row],[Shipment_ID]],A:A,E:E) -> COSCO | AB8: =INDEX(T:T,MATCH(A8,A:A,0)) -> 9273.61
A9: SH00008 | B9: 45889 | C9: Mumbai | D9: Jaipur | E9: Evergreen | F9: 40FT | G9: Coriander | H9: 20.41 | I9: 2252 | J9: 101.28 | K9: 5 | L9: Low | M9: Clear | N9: 69546.6 | O9: Customer_040 | P9: UAE | Q9: 83.51 | R9: 5320.4 | S9: 4006.45 | T9: 9631.55 | U9: =TEXT(Table1[[#This Row],[Booking_Date]],"mmm") -> Aug | V9: =YEAR(Table1[[#This Row],[Booking_Date]]) -> 2025 | W9: Q3 | X9: =IF(Table1[[#This Row],[Freight_Cost]]>50000,"High","Low") -> High | Y9: =IF(Table1[[#This Row],[Profit]]>10000,"Good","Average") -> Average | Z9: {=_xlfn.IFS(K9<=5,"Excellent",K9<=10,"Good",TRUE,"Delayed")} -> Excellent | AA9: =_xlfn.XLOOKUP(Table1[[#This Row],[Shipment_ID]],A:A,E:E) -> Evergreen | AB9: =INDEX(T:T,MATCH(A9,A:A,0)) -> 9631.55
A10: SH00009 | B10: 45755 | C10: Mumbai | D10: Lucknow | E10: MSC | F10: 40FT | G10: Cumin | H10: 20.23 | I10: 2207 | J10: 87.32 | K10: 7 | L10: Low | M10: Storm | N10: 71169.4 | O10: Customer_022 | P10: Germany | Q10: 85.69 | R10: 5223.2 | S10: 2807.47 | T10: 6195.33 | U10: =TEXT(Table1[[#This Row],[Booking_Date]],"mmm") -> Apr | V10: =YEAR(Table1[[#This Row],[Booking_Date]]) -> 2025 | W10: Q2 | X10: =IF(Table1[[#This Row],[Freight_Cost]]>50000,"High","Low") -> High | Y10: =IF(Table1[[#This Row],[Profit]]>10000,"Good","Average") -> Average | Z10: {=_xlfn.IFS(K10<=5,"Excellent",K10<=10,"Good",TRUE,"Delayed")} -> Good | AA10: =_xlfn.XLOOKUP(Table1[[#This Row],[Shipment_ID]],A:A,E:E) -> MSC | AB10: =INDEX(T:T,MATCH(A10,A:A,0)) -> 6195.33
A11: SH00010 | B11: 46051 | C11: Nava Sheva | D11: Ahmedabad | E11: CMA CGM | F11: 40FT | G11: Coriander | H11: 19.8 | I11: 1466 | J11: 95.85 | K11: 5 | L11: Low | M11: Storm | N11: 62914 | O11: Customer_027 | P11: USA | Q11: 84.05 | R11: 3724 | S11: 4066.87 | T11: 7011.54 | U11: =TEXT(Table1[[#This Row],[Booking_Date]],"mmm") -> Jan | V11: =YEAR(Table1[[#This Row],[Booking_Date]]) -> 2026 | W11: Q1 | X11: =IF(Table1[[#This Row],[Freight_Cost]]>50000,"High","Low") -> High | Y11: =IF(Table1[[#This Row],[Profit]]>10000,"Good","Average") -> Average | Z11: {=_xlfn.IFS(K11<=5,"Excellent",K11<=10,"Good",TRUE,"Delayed")} -> Excellent | AA11: =_xlfn.XLOOKUP(Table1[[#This Row],[Shipment_ID]],A:A,E:E) -> CMA CGM | AB11: =INDEX(T:T,MATCH(A11,A:A,0)) -> 7011.54
A12: SH00011 | B12: 45470 | C12: Vizag | D12: Pune | E12: Evergreen | F12: 20FT | G12: Cloves | H12: 16.16 | I12: 2747 | J12: 89.86 | K12: 6 | L12: Low | M12: Storm | N12: 62291.2 | O12: Customer_089 | P12: Canada | Q12: 87.38 | R12: 6140.4 | S12: 4473.12 | T12: 5140.71 | U12: =TEXT(Table1[[#This Row],[Booking_Date]],"mmm") -> Jun | V12: =YEAR(Table1[[#This Row],[Booking_Date]]) -> 2024 | W12: Q2 | X12: =IF(Table1[[#This Row],[Freight_Cost]]>50000,"High","Low") -> High | Y12: =IF(Table1[[#This Row],[Profit]]>10000,"Good","Average") -> Average | Z12: {=_xlfn.IFS(K12<=5,"Excellent",K12<=10,"Good",TRUE,"Delayed")} -> Good | AA12: =_xlfn.XLOOKUP(Table1[[#This Row],[Shipment_ID]],A:A,E:E) -> Evergreen | AB12: =INDEX(T:T,MATCH(A12,A:A,0)) -> 5140.71
A13: SH00012 | B13: 46177 | C13: Mumbai | D13: Ahmedabad | E13: Evergreen | F13: 20FT | G13: Turmeric | H13: 17 | I13: 2753 | J13: 86.73 | K13: 8 | L13: Low | M13: Storm | N13: 62743.6 | O13: Customer_053 | P13: Canada | Q13: 83.9 | R13: 6186 | S13: 2446.22 | T13: 5549.25 | U13: =TEXT(Table1[[#This Row],[Booking_Date]],"mmm") -> Jun | V13: =YEAR(Table1[[#This Row],[Booking_Date]]) -> 2026 | W13: Q2 | X13: =IF(Table1[[#This Row],[Freight_Cost]]>50000,"High","Low") -> High | Y13: =IF(Table1[[#This Row],[Profit]]>10000,"Good","Average") -> Average | Z13: {=_xlfn.IFS(K13<=5,"Excellent",K13<=10,"Good",TRUE,"Delayed")} -> Good | AA13: =_xlfn.XLOOKUP(Table1[[#This Row],[Shipment_ID]],A:A,E:E) -> Evergreen | AB13: =INDEX(T:T,MATCH(A13,A:A,0)) -> 5549.25
... A5001: SH05000 | B5001: 45621 | C5001: Chennai | D5001: Hyderabad | E5001: COSCO | F5001: 40FT | G5001: Turmeric | H5001: 16.14 | I5001: 992 | J5001: 95.11 | K5001: 4 | L5001: Medium | M5001: Rain | N5001: 53843.2 | O5001: Customer_117 | P5001: Australia | Q5001: 87.83 | R5001: 2629.6 | S5001: 1873.57 | T5001: 6557.63 | U5001: =TEXT(Table1[[#This Row],[Booking_Date]],"mmm") -> Nov | V5001: =YEAR(Table1[[#This Row],[Booking_Date]]) -> 2024 | W5001: Q4 | X5001: =IF(Table1[[#This Row],[Freight_Cost]]>50000,"High","Low") -> High | Y5001: =IF(Table1[[#This Row],[Profit]]>10000,"Good","Average") -> Average | Z5001: {=_xlfn.IFS(K5001<=5,"Excellent",K5001<=10,"Good",TRUE,"Delayed")} -> Excellent | AA5001: =_xlfn.XLOOKUP(Table1[[#This Row],[Shipment_ID]],A:A,E:E) -> COSCO | AB5001: =INDEX(T:T,MATCH(A5001,A:A,0)) -> 6557.63

Sheet Formula_Analysis
A1: Query | B1: Result | C1: Formula Used
A2: TOTAL FREIGHT COST | B2: =SUM(Main_Data!N:N) -> 2.8724671e+08 | C2: SUM
A3: Total Profit | B3: =SUM(Main_Data!T:T) -> 37525431 | C3: SUM
A4: Average Transit Days | B4: =AVERAGE(Main_Data!K:K) -> 4.4834 | C4: AVG
A5: Total Freight Cost for Mumbai | B5: =SUMIF(Main_Data!C:C,"Mumbai",Main_Data!N:N) -> 42980910 | C5: SUMIF
A6: Total Freight Cost for Chennai | B6: =SUMIF(Main_Data!C:C,"Chennai",Main_Data!N:N) -> 41923385 | C6: SUMIF
A7: Total Profit for Black Pepper | B7: =SUMIF(Table1[Commodity],"Black Pepper",Table1[Profit]) -> 5425934.8 | C7: SUMIF
A8: Freight for 20FT Containers | B8: =SUMIF(Main_Data!F:F,"20FT",Table1[Freight_Cost]) -> 1.4597e+08 | C8: SUMIF
A9: Freight Cost for Mumbai during Rain | B9: =SUMIFS(Table1[Freight_Cost],Table1[Origin],"Mumbai",Table1[Weather],"Rain") -> 14716992 | C9: SUMIFS
A10: Freight from Mumbai using COSCO | B10: =SUMIFS(Main_Data!N:N,Main_Data!C:C,"Mumbai",Main_Data!E:E,"COSCO") -> 6111359.4 | C10: SUMIFS
A11: Total Rain Shipments | B11: =COUNTIF(Table1[Weather],"Rain") -> 1691 | C11: Countif
A12: Total High Congestion Shipments | B12: =COUNTIF(Main_Data!L:L,"High") -> 1686 | C12: Countif
A13: Total Black Pepper Shipments | B13: =COUNTIF(Main_Data!G:G,"Black Pepper") -> 721 | C13: Countif
A14: Mumbai + Rain Shipments | B14: =COUNTIFS(Main_Data!C:C,"Mumbai",Main_Data!M:M,"Rain") -> 258 | C14: Countifs
A15: COSCO + High Congestion | B15: =COUNTIFS(Main_Data!E:E,"COSCO",Main_Data!L:L,"High") -> 260 | C15: Countifs
A16: Average Freight Cost for Mumbai | B16: =AVERAGEIF(Main_Data!C:C,"Mumbai",Main_Data!N:N) -> 57770.041 | C16: Average if
A17: Average Profit for Black Pepper | B17: =AVERAGEIF(Main_Data!G:G,"Black pepper",Main_Data!T:T) -> 7525.5684 | C17: Average if
A18: Average Freight for Mumbai during Rain | B18: =AVERAGEIFS(Main_Data!N:N,Main_Data!C:C,"Mumbai",Main_Data!M:M,"Rain") -> 57042.604 | C18: Average ifs
A19: Average Transit Days for COSCO | B19: =AVERAGEIF(Main_Data!E:E,"Cosco",Main_Data!K:K) -> 4.4848485 | C19: Average if
A20: Freight Category | C20: If-Main Data
A21: Profit Status | C21: If-Main Data
A22: Transit Rating | C22: IFS
A23: Find Shipping Line using Shipment ID | C23: XLOOKUP
A24: Return Profit using Shipment ID | C24: INDEX

Sheet Pivot _Table
A2: Total Freight Cost By Month | D2: Total Shipments | G2: Commodity wise Freight Cost | J2: Avg Freight Cost by Congestion
A3: Month | B3: Freight_Cost | D3: Shipping_Line | E3: Total Shipments | G3: Commodity | H3: Freight Cost | J3: Port_Congestion | K3: Average of Freight_Cost
A4: Jan | B4: 27963780 | D4: CMA CGM | E4: 714 | G4: Black Pepper | H4: 41282032 | J4: High | K4: 60005.221
A5: Feb | B5: 26901959 | D5: COSCO | E5: 759 | G5: Chilli | H5: 40818153 | J5: Low | K5: 54936.502
A6: Mar | B6: 28608835 | D6: Evergreen | E6: 729 | G6: Cloves | H6: 42004862 | J6: Medium | K6: 57410.852
A7: Apr | B7: 29697118 | D7: Hapag-Lloyd | E7: 668 | G7: Coriander | H7: 39892246 | J7: Grand Total | K7: 57449.343
A8: May | B8: 29410473 | D8: Maersk | E8: 716 | G8: Cumin | H8: 38080613
A9: Jun | B9: 26320334 | D9: MSC | E9: 683 | G9: Green Cardamom | H9: 41972569
A10: Jul | B10: 20531190 | D10: ONE | E10: 731 | G10: Turmeric | H10: 43196240
A11: Aug | B11: 20298261 | D11: Grand Total | E11: 5000 | G11: Grand Total | H11: 2.8724671e+08
A12: Sep | B12: 19441776
A13: Oct | B13: 20667694
A14: Nov | B14: 17841118
A15: Dec | B15: 19564177
A16: (blank)
A17: Grand Total | B17: 2.8724671e+08
A20: Country wise Profit | D20: Customer wise Profit | G20: Average Transit Days as per weather | J20: Count Shipment_ID by Container
A21: Export_Country | B21: Profit | D21: Customer | E21: Profit | G21: Weather | H21: Average of Transit_Days | J21: Container_Type | K21: Count of Container_Type
A22: Australia | B22: 5258933.8 | D22: Customer_001 | E22: 212162.88 | G22: Clear | H22: 4.4981818 | J22: 20FT | K22: 2534
A23: Canada | B23: 5415428.1 | D23: Customer_002 | E23: 388106.87 | G23: Rain | H23: 4.4299231 | J23: 40FT | K23: 2466
A24: Germany | B24: 5512896 | D24: Customer_003 | E24: 302536.13 | G24: Storm | H24: 4.5232068 | J24: Grand Total | K24: 5000
A25: Singapore | B25: 4870210.9 | D25: Customer_004 | E25: 295856.91 | G25: Grand Total | H25: 4.4834
A26: UAE | B26: 5524186 | D26: Customer_005 | E26: 272960.65
A27: UK | B27: 5176584.7 | D27: Customer_006 | E27: 325238.73
A28: USA | B28: 5767191.6 | D28: Customer_007 | E28: 359769.28
A29: Grand Total | B29: 37525431 | D29: Customer_008 | E29: 337771.24
D30: Customer_009 | E30: 307404.19
D31: Customer_010 | E31: 304840.12
D32: Customer_011 | E32: 297573.96
D33: Customer_012 | E33: 399638.2
D34: Customer_013 | E34: 263901.74
D35: Customer_014 | E35: 272287
D36: Customer_015 | E36: 366845.03
D37: Customer_016 | E37: 386505.71
D38: Customer_017 | E38: 350800.16
D39: Customer_018 | E39: 220859.5
D40: Customer_019 | E40: 390196.79
D41: Customer_020 | E41: 286457.36
... D142: Grand Total | E142: 37525431

Sheet Charts
B1: LOGISTICS SHIPMENT PERFORMANCE DASHBOARD
